{
  "properties": {
    "connectionReferences": {
      "shared_commondataserviceforapps": {
        "runtimeSource": "embedded",
        "connection": {
          "connectionReferenceLogicalName": "pw_sharedcommondataserviceforapps_46cf4"
        },
        "api": {
          "name": "shared_commondataserviceforapps"
        }
      }
    },
    "definition": {
      "$schema": "https://schema.management.azure.com/providers/Microsoft.Logic/schemas/2016-06-01/workflowdefinition.json#",
      "contentVersion": "1.0.0.0",
      "parameters": {
        "$connections": {
          "defaultValue": {},
          "type": "Object"
        },
        "$authentication": {
          "defaultValue": {},
          "type": "SecureObject"
        }
      },
      "triggers": {
        "When_a_row_is_added,_modified_or_deleted": {
          "metadata": {
            "operationMetadataId": "67d72e49-e438-458f-95c2-6c62056e592a"
          },
          "type": "OpenApiConnectionWebhook",
          "inputs": {
            "host": {
              "connectionName": "shared_commondataserviceforapps",
              "operationId": "SubscribeWebhookTrigger",
              "apiId": "/providers/Microsoft.PowerApps/apis/shared_commondataserviceforapps"
            },
            "parameters": {
              "subscriptionRequest/message": 1,
              "subscriptionRequest/entityname": "pw_asset",
              "subscriptionRequest/scope": 4
            },
            "authentication": "@parameters('$authentication')"
          }
        }
      },
      "actions": {
        "Initialize_variable": {
          "runAfter": {},
          "metadata": {
            "operationMetadataId": "7642a7ff-f0d2-452e-85ff-58c2b246479d"
          },
          "type": "InitializeVariable",
          "inputs": {
            "variables": [
              {
                "name": "varCount",
                "type": "integer",
                "value": "@triggerOutputs()?['body/pw_totalquantity']"
              }
            ]
          }
        },
        "Do_until": {
          "actions": {
            "Add_a_new_row": {
              "runAfter": {},
              "metadata": {
                "operationMetadataId": "6b958a1c-a533-4fbb-b50c-b5606da2942d"
              },
              "type": "OpenApiConnection",
              "inputs": {
                "host": {
                  "connectionName": "shared_commondataserviceforapps",
                  "operationId": "CreateRecord",
                  "apiId": "/providers/Microsoft.PowerApps/apis/shared_commondataserviceforapps"
                },
                "parameters": {
                  "entityName": "pw_assetitems",
                  "item/pw_Asset@odata.bind": "pw_assets(@{triggerOutputs()?['body/pw_assetid']})",
                  "item/pw_available": true,
                  "item/pw_itemcondition": 125670000
                },
                "authentication": "@parameters('$authentication')"
              }
            },
            "Decrement_variable": {
              "runAfter": {
                "Add_a_new_row": [
                  "Succeeded"
                ]
              },
              "metadata": {
                "operationMetadataId": "12e96bda-7857-454e-9af0-a2a84929e48f"
              },
              "type": "DecrementVariable",
              "inputs": {
                "name": "varCount",
                "value": 1
              }
            }
          },
          "runAfter": {
            "Initialize_variable": [
              "Succeeded"
            ]
          },
          "expression": "@equals(variables('varCount'), 0)",
          "limit": {
            "count": 60,
            "timeout": "PT1H"
          },
          "metadata": {
            "operationMetadataId": "32265daf-cbea-4b06-9339-fe54e110ee7e"
          },
          "type": "Until"
        }
      }
    },
    "templateName": ""
  },
  "schemaVersion": "1.0.0.0"
}