<ImportExportXml version="9.2.23044.234" SolutionPackageVersion="9.2" languagecode="1033" generatedBy="CrmLive" xmlns:xsi="http://www.w3.org/2001/XMLSchema-instance">
  <SolutionManifest>
    <UniqueName>AssetManagement</UniqueName>
    <LocalizedNames>
      <LocalizedName description="Asset Management" languagecode="1033" />
    </LocalizedNames>
    <Descriptions />
    <Version>1.0.0.2</Version>
    <Managed>0</Managed>
    <Publisher>
      <UniqueName>PW</UniqueName>
      <LocalizedNames>
        <LocalizedName description="Pragmatic Works" languagecode="1033" />
      </LocalizedNames>
      <Descriptions>
        <Description description="Pragmatic Works Training" languagecode="1033" />
      </Descriptions>
      <EMailAddress>support@pragmaticworks.com</EMailAddress>
      <SupportingWebsiteUrl>https://www.pragmaticworks.com</SupportingWebsiteUrl>
      <CustomizationPrefix>pw</CustomizationPrefix>
      <CustomizationOptionValuePrefix>12567</CustomizationOptionValuePrefix>
      <Addresses>
        <Address>
          <AddressNumber>1</AddressNumber>
          <AddressTypeCode>1</AddressTypeCode>
          <City>Fleming Island</City>
          <County xsi:nil="true"></County>
          <Country>United States</Country>
          <Fax xsi:nil="true"></Fax>
          <FreightTermsCode xsi:nil="true"></FreightTermsCode>
          <ImportSequenceNumber xsi:nil="true"></ImportSequenceNumber>
          <Latitude xsi:nil="true"></Latitude>
          <Line1>7175 US 17</Line1>
          <Line2>St 2</Line2>
          <Line3 xsi:nil="true"></Line3>
          <Longitude xsi:nil="true"></Longitude>
          <Name xsi:nil="true"></Name>
          <PostalCode>32003</PostalCode>
          <PostOfficeBox xsi:nil="true"></PostOfficeBox>
          <PrimaryContactName xsi:nil="true"></PrimaryContactName>
          <ShippingMethodCode>1</ShippingMethodCode>
          <StateOrProvince>FL</StateOrProvince>
          <Telephone1>(904) 638-5743</Telephone1>
          <Telephone2 xsi:nil="true"></Telephone2>
          <Telephone3 xsi:nil="true"></Telephone3>
          <TimeZoneRuleVersionNumber xsi:nil="true"></TimeZoneRuleVersionNumber>
          <UPSZone xsi:nil="true"></UPSZone>
          <UTCOffset xsi:nil="true"></UTCOffset>
          <UTCConversionTimeZoneCode xsi:nil="true"></UTCConversionTimeZoneCode>
        </Address>
        <Address>
          <AddressNumber>2</AddressNumber>
          <AddressTypeCode>1</AddressTypeCode>
          <City xsi:nil="true"></City>
          <County xsi:nil="true"></County>
          <Country xsi:nil="true"></Country>
          <Fax xsi:nil="true"></Fax>
          <FreightTermsCode xsi:nil="true"></FreightTermsCode>
          <ImportSequenceNumber xsi:nil="true"></ImportSequenceNumber>
          <Latitude xsi:nil="true"></Latitude>
          <Line1 xsi:nil="true"></Line1>
          <Line2 xsi:nil="true"></Line2>
          <Line3 xsi:nil="true"></Line3>
          <Longitude xsi:nil="true"></Longitude>
          <Name xsi:nil="true"></Name>
          <PostalCode xsi:nil="true"></PostalCode>
          <PostOfficeBox xsi:nil="true"></PostOfficeBox>
          <PrimaryContactName xsi:nil="true"></PrimaryContactName>
          <ShippingMethodCode>1</ShippingMethodCode>
          <StateOrProvince xsi:nil="true"></StateOrProvince>
          <Telephone1 xsi:nil="true"></Telephone1>
          <Telephone2 xsi:nil="true"></Telephone2>
          <Telephone3 xsi:nil="true"></Telephone3>
          <TimeZoneRuleVersionNumber xsi:nil="true"></TimeZoneRuleVersionNumber>
          <UPSZone xsi:nil="true"></UPSZone>
          <UTCOffset xsi:nil="true"></UTCOffset>
          <UTCConversionTimeZoneCode xsi:nil="true"></UTCConversionTimeZoneCode>
        </Address>
      </Addresses>
    </Publisher>
    <RootComponents>
      <RootComponent type="1" schemaName="contact" behavior="1" />
      <RootComponent type="1" schemaName="pw_asset" behavior="0" />
      <RootComponent type="1" schemaName="pw_assetallocation" behavior="0" />
      <RootComponent type="1" schemaName="pw_assetitem" behavior="0" />
      <RootComponent type="1" schemaName="pw_assettype" behavior="0" />
      <RootComponent type="1" schemaName="pw_manufacturer" behavior="0" />
      <RootComponent type="1" schemaName="systemuser" behavior="1" />
      <RootComponent type="9" schemaName="pw_assetcategorychoice" behavior="0" />
      <RootComponent type="9" schemaName="pw_conditionchoice" behavior="0" />
      <RootComponent type="9" schemaName="pw_itemtypechoice" behavior="0" />
      <RootComponent type="29" id="{589bb2cc-48f3-ed11-8848-00224829bd73}" behavior="0" />
      <RootComponent type="29" id="{a9705730-38f0-ed11-8849-00224829bd73}" behavior="0" />
      <RootComponent type="300" schemaName="pw_assetmanagementapp_644eb" behavior="0" />
      <RootComponent type="300" schemaName="pw_pickyouradmingroupforenvironmentalvariable_71304" behavior="0" />
      <RootComponent type="431" schemaName="pw_asset pw_productimage" behavior="0" />
      <RootComponent type="431" schemaName="pw_assetallocation pw_imageatassign" behavior="0" />
      <RootComponent type="431" schemaName="pw_assetallocation pw_imageatreturn" behavior="0" />
      <RootComponent type="431" schemaName="pw_assettype pw_assettypeimage" behavior="0" />
      <RootComponent type="432" schemaName="pw_asset" behavior="0" />
      <RootComponent type="432" schemaName="pw_assetallocation" behavior="0" />
      <RootComponent type="432" schemaName="pw_assettype" behavior="0" />
    </RootComponents>
    <MissingDependencies>
      <MissingDependency>
        <Required type="1" schemaName="environmentvariabledefinition" displayName="Environment Variable Definition" solution="EnvironmentVariables (1.0.2.246)" />
        <Dependent type="300" schemaName="pw_assetmanagementapp_644eb" displayName="Asset Management App" />
      </MissingDependency>
      <MissingDependency>
        <Required type="1" schemaName="environmentvariablevalue" displayName="Environment Variable Value" solution="EnvironmentVariables (1.0.2.246)" />
        <Dependent type="300" schemaName="pw_assetmanagementapp_644eb" displayName="Asset Management App" />
      </MissingDependency>
      <MissingDependency>
        <Required type="300" schemaName="pw_pragmaticworksuicomponents_96f71" displayName="Pragmatic Works UI Components" solution="Active" />
        <Dependent type="300" schemaName="pw_assetmanagementapp_644eb" displayName="Asset Management App" />
      </MissingDependency>
    </MissingDependencies>
  </SolutionManifest>
</ImportExportXml>