<environmentvariabledefinition schemaname="pw_AssetAdminGroup">
  <description default="A Group in Office 365 Groups in which members of said group will have the added ability in the Asset Management Canvas App to add new Asset Types">
    <label description="A Group in Office 365 Groups in which members of said group will have the added ability in the Asset Management Canvas App to add new Asset Types" languagecode="1033" />
  </description>
  <displayname default="AssetAdminGroup">
    <label description="AssetAdminGroup" languagecode="1033" />
  </displayname>
  <introducedversion>1.0.0.0</introducedversion>
  <iscustomizable>1</iscustomizable>
  <isrequired>0</isrequired>
  <secretstore>0</secretstore>
  <type>100000000</type>
</environmentvariabledefinition>